"Index","XLB.Adjusted","XLC.Adjusted","XLY.Adjusted","XLP.Adjusted","XLE.Adjusted","XLF.Adjusted","XLV.Adjusted","XLI.Adjusted","XLRE.Adjusted","XLK.Adjusted","XLU.Adjusted"
02/07/2018,55.005882,48.77692,106.253143,48.117916,65.532913,25.384665,80.100433,68.469749,30.187756,67.949898,48.545383
03/07/2018,54.910652,48.179935,105.719215,48.230618,65.944565,25.156654,80.291786,68.250374,30.364122,67.145248,48.684528
05/07/2018,55.38681,48.913929,106.243454,48.897488,65.874504,25.213661,81.124168,68.584183,30.763287,68.095314,48.944279
06/07/2018,55.662979,49.68708,107.078331,49.047768,66.277405,25.33716,82.29142,68.822632,30.893242,68.890289,49.324623
09/07/2018,56.158192,49.970898,108.359772,48.859909,67.267136,25.916677,82.89418,70.100655,30.605478,69.413795,47.80323
10/07/2018,56.634342,49.950344,108.592758,49.442249,67.766388,25.821674,83.209915,70.320007,30.754007,69.578606,48.257793
11/07/2018,55.68203,49.882816,108.340347,49.282581,66.329956,25.698172,82.549759,69.165977,30.661173,69.307152,48.693802
12/07/2018,55.815353,50.665752,109.058731,49.216827,66.443817,25.745672,83.468254,69.976669,30.735439,70.402657,48.730915
13/07/2018,55.786789,50.587456,109.30143,49.536171,66.794174,25.631666,83.62133,70.339073,30.633329,70.325104,48.740192
16/07/2018,55.339199,50.440659,109.573265,49.301361,66.023399,26.087677,83.114265,70.052963,30.466234,70.160294,48.693802
17/07/2018,56.062954,50.450447,109.680054,49.72403,65.760628,26.11618,83.573486,70.329544,30.262014,70.683792,48.6567
18/07/2018,55.539188,50.30365,109.612091,49.320148,65.804436,26.534193,83.640465,71.102097,30.15062,70.567482,48.406223
19/07/2018,55.739166,49.951324,109.35968,49.348328,65.821953,26.13518,83.171654,71.073471,30.438389,70.315399,48.851517
20/07/2018,55.510612,49.784946,108.874268,49.648888,65.594215,26.18268,83.009003,70.997185,30.169186,70.334793,48.508274
23/07/2018,55.205875,49.990471,108.75779,49.338936,65.305183,26.543692,83.181236,70.558456,30.085642,70.693489,48.165031
24/07/2018,55.920113,50.342785,108.437439,49.432861,66.12851,26.619696,83.937065,70.854118,30.002096,71.081291,48.332008
25/07/2018,56.358177,50.704899,109.233475,49.808556,66.680298,26.676697,85.008652,71.931847,30.299145,71.973198,48.471161
26/07/2018,56.681965,48.792576,108.660713,50.071548,67.40728,26.667194,84.769447,72.485023,30.401258,70.867996,48.990669
27/07/2018,56.472446,47.866756,108.379181,50.137302,67.11824,26.724195,84.157112,72.49456,30.122772,69.656166,48.832958
30/07/2018,56.367699,47.113174,107.515182,50.080948,67.670044,26.743196,84.204956,71.779251,30.094925,68.570366,48.536102
31/07/2018,56.881947,47.426353,108.019974,50.315754,67.547424,26.553194,85.085182,73.362465,30.679737,68.754547,48.972115
01/08/2018,56.301033,47.230618,107.486053,49.893093,66.610229,26.553194,85.104317,72.370583,30.883963,69.375015,48.6567
02/08/2018,55.929638,47.543797,108.223869,50.400295,66.242371,26.562691,85.420044,72.275208,30.735439,70.247536,48.8979
03/08/2018,56.462929,47.866756,108.592758,50.99202,65.900772,26.714697,85.927139,72.341957,31.1346,70.499588,49.445225
06/08/2018,56.443886,48.346306,109.320847,51.038982,66.146027,26.857201,86.080215,72.446869,31.06962,70.877693,49.482338
07/08/2018,56.634342,48.405022,109.825661,50.729023,66.63652,26.980705,86.089798,72.961906,31.004646,71.149147,49.408119
08/08/2018,56.396271,48.365879,109.942162,50.343929,66.154778,27.047203,86.223747,72.637627,30.809698,71.343048,49.148369
09/08/2018,56.701008,48.630119,110.349884,50.193653,65.541664,26.8857,86.128052,72.237045,30.865395,71.372131,49.371017
10/08/2018,55.882019,48.219074,109.427643,50.005798,65.944565,26.572193,85.754921,71.598038,30.56835,70.80014,49.157642
13/08/2018,55.320148,48.15057,108.874268,50.005798,65.103722,26.315685,85.783623,71.254677,30.559067,70.703194,49.222584
14/08/2018,55.786789,48.493107,109.932442,50.353333,65.261391,26.562691,86.185471,71.750641,30.679737,71.139442,49.324623
15/08/2018,54.901131,47.817818,108.592758,50.559971,62.984123,26.353685,86.041954,71.407288,30.948948,70.499588,49.779186
16/08/2018,55.23444,47.798244,109.126694,51.283188,63.439571,26.705196,86.883904,72.313347,31.190296,70.80983,50.317249
17/08/2018,55.643936,47.573147,109.223778,51.67767,63.597229,26.762199,87.151794,72.752075,31.487345,70.916466,50.576992
20/08/2018,56.034389,47.651451,110.000397,51.649494,64.026405,26.847702,87.438828,73.238495,31.524479,70.80983,50.400734
21/08/2018,56.253418,47.945049,110.874115,51.283188,64.350487,26.9522,87.438828,73.782127,31.236721,70.926186,50.03894
22/08/2018,55.967728,47.886326,110.990616,50.963844,65.121246,26.857201,87.524933,73.066818,31.041771,71.139442,49.667862
23/08/2018,55.5868,47.69059,110.883812,50.841743,64.814697,26.733696,87.496246,72.856987,30.967512,71.294563,49.63076
24/08/2018,56.310558,48.385448,111.534271,50.775993,65.287651,26.828703,87.917221,73.171715,31.181013,72.011963,49.844124
27/08/2018,57.081932,48.855217,112.25264,50.804173,65.769394,27.189709,88.232948,74.096863,31.1346,72.671219,49.537994
28/08/2018,56.862904,48.6399,112.475914,50.635098,65.489128,27.161209,88.280777,73.94426,31.515198,72.797226,49.435947
29/08/2018,57.291447,48.913929,113.737953,50.691463,65.892029,27.151709,88.854843,74.001495,31.468781,73.456467,49.797745
30/08/2018,56.615299,48.610542,113.087517,50.531788,65.708084,26.942703,88.787872,73.48645,31.301695,73.23349,49.816299
31/08/2018,56.443886,48.130997,113.534081,50.512993,65.200073,26.914202,88.76873,73.534157,31.422365,73.291664,49.602928
04/09/2018,56.053436,47.534008,113.747643,50.44725,65.059937,27.047203,88.060722,73.476936,31.143885,73.010506,49.825577
05/09/2018,56.424835,46.917442,112.52446,51.029594,64.972343,27.066208,88.414742,74.001495,31.338821,72.09922,50.521328
06/09/2018,56.53912,46.565125,112.213814,51.170475,63.7724,26.942703,88.414742,74.2304,31.440939,71.575706,50.80891
07/09/2018,56.167709,46.662991,112.204109,51.067158,63.763641,26.914202,88.548683,74.001495,31.041771,71.333344,50.187363
10/09/2018,56.234375,46.76086,112.621529,51.245617,63.737373,26.8857,88.319046,74.38298,31.208862,71.55632,50.437843
11/09/2018,56.348652,47.230618,113.524376,51.057774,64.341713,26.914202,88.2425,74.363899,31.218149,72.167084,50.307968
12/09/2018,56.37722,47.093601,113.737953,51.649494,64.674545,26.667194,88.682632,74.592812,31.245996,71.866547,50.261585
13/09/2018,56.596252,47.426353,113.932121,51.57436,64.700836,26.629194,89.782898,75.041069,31.440939,72.709999,50.641926
14/09/2018,56.577209,47.338268,113.504967,51.43346,65.042412,26.819197,89.486305,75.41304,31.17173,72.651825,50.372902
17/09/2018,56.777191,46.8783,112.097305,51.621319,65.147522,26.705196,89.161011,75.44165,31.348104,71.740517,50.539886
18/09/2018,56.834339,47.211048,113.524376,51.405289,65.576698,26.8382,89.677658,76.128357,31.162449,72.196167,50.447124
19/09/2018,57.453342,47.338268,113.572922,51.311367,65.778145,27.294212,89.553261,76.061592,30.865395,72.011963,49.352463
20/09/2018,58.072346,47.856976,114.349556,51.959446,65.795677,27.531717,90.423943,76.176048,31.097469,72.865112,49.454506
21/09/2018,57.946999,47.643036,113.8442,52.042686,66.230446,27.424845,90.545921,76.668633,31.097469,72.577164,49.665108
24/09/2018,57.133678,47.643036,113.10421,51.248138,67.200531,27.11949,90.728409,75.355682,30.487713,72.93708,49.225178
25/09/2018,56.837051,47.662666,113.581306,50.945461,67.63266,27.014519,90.449867,75.125671,30.459572,72.849525,48.551239
26/09/2018,56.272507,47.849117,113.8442,51.002209,66.980057,26.690079,90.651573,75.077759,30.121862,72.577164,48.073879
27/09/2018,55.784512,48.261269,114.233681,50.936001,66.980057,26.594654,91.11261,75.183182,30.215668,73.00518,48.569962
28/09/2018,55.430477,48.084633,114.136307,51.011669,66.794853,26.317926,91.391159,75.135269,30.590904,73.27755,49.281338
01/10/2018,55.985455,47.888371,113.785782,50.973835,67.72084,26.422894,91.842583,75.796532,30.356386,73.627739,49.112854
02/10/2018,56.224663,47.849117,112.247345,51.267063,67.791405,26.422894,91.736923,75.96904,30.262577,73.637451,49.777424
03/10/2018,55.822784,48.06501,111.867615,50.718445,68.338173,26.670996,91.564049,76.285294,29.915483,73.861198,49.178371
04/10/2018,55.564438,47.378086,110.11496,50.595486,68.055977,26.852299,90.670799,76.03611,29.774771,72.528519,49.440464
05/10/2018,55.152992,46.926682,109.2873,50.548187,68.04715,26.718704,90.565117,75.643188,29.784153,71.614143,50.198639
08/10/2018,55.124287,46.769661,109.569687,51.248138,67.994232,26.900009,90.526711,75.834862,30.168766,70.806763,50.619843
09/10/2018,53.2967,46.740231,109.248367,51.134636,68.602745,26.795046,90.680382,74.665665,30.271955,71.059677,50.825768
10/10/2018,51.899693,44.895348,105.567818,50.519814,66.450928,25.964857,88.538498,72.260193,29.793533,67.616135,50.54496
11/10/2018,51.296875,44.512634,103.708054,49.271236,64.202087,25.191923,86.146851,70.353065,28.921114,66.760094,49.618301
12/10/2018,51.440403,45.503757,105.626236,49.545544,64.378464,25.220551,87.472336,70.822647,28.902353,68.900162,49.562141
15/10/2018,51.268173,45.327126,105.382813,49.848232,63.840511,25.106039,86.867203,70.956818,29.080589,67.771759,49.79615
16/10/2018,52.091061,46.524334,107.495728,50.4063,64.369644,25.525904,89.249252,72.15477,29.62468,69.814545,50.310959
17/10/2018,51.756168,46.710789,106.609665,50.642776,63.963974,25.78355,89.719894,71.627678,29.540251,69.493546,50.217361
18/10/2018,51.172485,45.857037,104.564896,50.576565,63.646496,25.354141,88.701752,70.391388,29.549633,68.131683,50.292236
19/10/2018,50.80888,45.847225,103.542519,51.730545,63.082069,25.449566,87.894958,70.132645,29.849813,68.102493,51.078484
22/10/2018,50.407005,45.817783,103.961212,51.342731,62.385368,24.905651,87.174583,69.893044,29.427681,68.666695,50.750885
23/10/2018,49.909439,45.719662,103.98069,51.569744,60.753876,24.705259,86.703934,68.743019,29.615295,68.404053,50.470078
24/10/2018,48.330631,43.541126,100.874611,51.7873,58.355106,24.085003,83.841652,66.414215,29.962387,65.339874,51.696259
25/10/2018,48.952579,44.983658,103.922272,51.910267,59.06945,24.457159,84.927025,66.883812,30.318859,67.586929,50.891293
26/10/2018,48.665535,43.76683,100.689613,50.917088,58.628498,24.10409,83.966522,66.222527,29.530869,66.23481,49.955269
29/10/2018,48.550709,43.089718,99.803543,51.503532,57.534939,24.31402,84.177841,65.120422,30.018671,65.11615,50.657284
30/10/2018,49.66066,44.267307,101.30304,52.525085,58.866604,24.733891,85.080704,66.462128,30.515858,65.845711,50.853848
31/10/2018,50.340019,45.179928,102.60778,52.033226,59.228191,25.077412,85.195961,66.970047,30.103098,67.411842,50.254799
01/11/2018,51.756168,45.444885,104.701225,52.402126,59.730865,25.191923,86.271721,68.148834,30.215668,68.199776,50.030151
02/11/2018,51.631779,44.983658,105.129646,52.127815,59.580944,25.172838,85.733833,68.033836,29.962387,66.867104,49.749348
05/11/2018,51.784866,44.797222,105.275696,52.780483,60.577484,25.573618,86.49263,68.38842,30.459572,66.799011,50.451359
06/11/2018,52.636467,45.062168,105.743057,53.102081,60.859695,25.707212,86.934456,69.107193,30.628428,67.217285,50.788322
07/11/2018,53.583755,45.886475,108.605736,53.404766,61.856232,26.041199,89.489372,70.228477,30.966133,69.191986,51.36866
08/11/2018,53.354103,45.454693,108.634956,53.433144,60.515762,26.117535,89.537407,70.113464,31.031807,69.133614,51.284409
09/11/2018,52.607761,44.522446,107.12571,53.745285,60.409924,25.878977,89.278061,69.404289,31.069326,67.937126,51.359299
12/11/2018,51.832714,43.855145,104.973862,53.461514,59.157635,25.363684,88.067833,68.033836,31.134989,65.544151,51.331223
13/11/2018,51.679615,43.717766,104.925179,53.338554,57.799519,25.506819,87.453125,68.3405,31.200657,65.621971,51.546501
14/11/2018,51.622208,43.933655,104.136475,52.979118,57.702503,25.163294,86.751961,68.110504,31.191275,64.834038,51.01297
15/11/2018,52.330276,44.257488,103.98069,52.893978,58.549129,25.53545,87.52037,69.01136,30.947378,66.458542,50.591763
16/11/2018,52.856541,44.041603,103.571732,53.026409,59.245819,25.564077,88.404015,68.992188,31.388277,66.351547,51.36866
19/11/2018,52.100628,42.707005,101.040131,52.94128,59.228191,25.554535,87.280235,67.899651,31.472702,63.822376,51.5933
20/11/2018,51.153343,42.147659,98.751953,52.061604,57.288013,24.991531,86.463806,66.490875,31.059946,62.450794,51.378021
21/11/2018,51.564793,42.648125,99.784081,51.645412,58.187546,25.010616,85.973969,66.960472,31.041187,62.907986,50.619843
23/11/2018,51.009823,42.088776,99.336166,51.825134,56.362019,24.810226,86.098824,66.826302,30.928612,62.334072,50.647926
26/11/2018,51.593502,43.050465,101.565926,51.891346,57.208649,25.315977,86.934456,67.315063,30.994278,63.74456,50.947453
27/11/2018,50.961975,43.187847,101.867775,52.354832,57.049904,25.335058,87.837334,67.200073,31.163136,63.871025,51.331223
28/11/2018,51.746593,44.090664,104.876488,52.78994,58.028812,25.821718,89.950417,68.810097,31.416414,66.108353,51.29377
29/11/2018,52.11977,44.237869,104.389633,52.875072,58.408024,25.602245,90.248161,68.848427,31.453938,65.466339,51.275051
30/11/2018,52.253727,44.169167,105.149109,53.215588,58.302197,25.73584,92.08271,69.519287,31.754124,66.088905,52.033237
03/12/2018,53.172306,44.237869,107.115982,53.262882,59.598579,25.898058,91.6409,70.324303,31.904219,67.548027,52.557404
04/12/2018,51.593502,42.932709,103.260162,52.364292,57.887703,24.772057,89.595032,67.334229,31.482082,64.989685,52.594845
06/12/2018,50.894993,43.413555,103.756729,52.421043,56.82061,24.42853,89.258858,66.960472,32.345116,65.135597,52.651001
07/12/2018,49.670227,42.589249,100.650658,51.758923,56.503124,23.960953,86.982468,65.19709,31.857317,62.83989,52.847561
10/12/2018,49.804184,42.913082,100.728554,51.758923,55.621231,23.62697,87.318657,65.360016,31.735365,63.70565,52.950531
11/12/2018,49.641521,42.952335,100.767494,52.184574,55.638863,23.397953,87.587601,64.976677,31.791653,63.783478,53.165806
12/12/2018,50.072102,43.413555,101.828835,52.118359,55.859344,23.531546,88.336777,65.340836,31.191275,64.279579,52.828846
13/12/2018,49.488422,43.217293,101.322502,52.439957,56.035717,23.359781,88.423218,65.158752,31.407038,64.386589,53.287502
14/12/2018,49.105686,42.795319,99.638016,51.550827,54.756969,23.130764,85.445679,64.257896,31.350752,62.810715,53.184532
17/12/2018,48.263645,41.961201,97.106415,50.359005,53.760426,22.901747,83.745605,63.203705,30.178141,61.478043,51.471619
18/12/2018,48.531574,42.147659,97.865891,49.7631,52.49049,22.815866,83.015633,63.519966,30.478334,61.96442,51.12529
19/12/2018,47.871346,41.244843,95.928238,49.280697,51.873165,22.529594,81.930275,62.322014,30.196907,60.738747,51.04105
20/12/2018,47.230255,40.518669,93.776382,48.40102,50.435673,22.329203,80.777679,61.181572,29.831055,59.649265,51.01297
21/12/2018,46.805534,39.193508,91.651276,47.898933,49.946098,21.882717,79.774239,60.026363,29.374537,57.836971,50.794914
24/12/2018,45.592052,38.366516,89.911316,46.514854,47.925465,21.421824,77.863808,58.184597,28.29257,56.293358,48.67099
26/12/2018,47.633778,40.522602,95.238739,47.81303,50.907448,22.391617,81.260117,60.894218,29.194212,59.69323,49.331757
27/12/2018,48.51017,40.70966,95.74704,48.271202,51.174496,22.660469,82.157417,61.655998,29.260647,60.1231,49.747108
28/12/2018,48.250145,40.581673,95.756821,48.271202,50.782833,22.650867,82.253914,61.492073,29.365047,59.98632,49.869823
31/12/2018,48.65464,40.640743,96.783203,48.471661,51.049873,22.871712,83.469635,62.109211,29.421993,60.552963,49.954784
02/01/2019,48.905041,41.182228,97.516342,48.185299,52.055748,23.063749,82.205666,62.427414,28.748137,60.592049,49.095768
03/01/2019,47.518208,40.493069,95.404915,47.908478,51.539459,22.545244,80.536469,60.52779,28.88101,57.534111,49.08633
04/01/2019,49.386578,42.235657,98.562279,48.929844,53.293049,23.294193,82.93895,62.822777,29.17523,60.084015,49.813187
07/01/2019,49.559929,42.718067,100.790993,48.863022,54.08527,23.323002,83.257355,63.333847,29.421993,60.621353,49.473358
08/01/2019,50.079994,43.436764,101.90535,49.311657,54.503635,23.342201,83.903816,64.201691,29.934509,61.129387,50.086941
09/01/2019,50.099258,43.495831,102.423431,48.853477,55.367085,23.457426,84.280098,64.635612,29.811123,61.920734,49.784866
10/01/2019,50.542267,43.584442,102.13018,49.139839,55.527313,23.467026,84.44413,65.513107,30.285673,62.19429,50.436203
11/01/2019,50.340023,43.367847,102.227936,49.28302,55.197956,23.524639,84.723938,65.445618,30.342617,62.077049,50.24741
14/01/2019,49.954792,43.210331,101.602333,49.044384,55.064438,23.687872,83.788025,65.435966,30.247711,61.500633,49.114651
15/01/2019,49.627346,43.92902,102.521179,49.5312,55.260265,23.899113,85.293205,65.233467,30.589382,62.428761,49.718792
16/01/2019,49.819962,43.741966,102.286591,49.263935,55.189053,24.408014,85.138824,65.300964,30.731749,62.487377,49.898144
17/01/2019,50.696362,43.919182,102.980606,49.473934,55.69643,24.542439,85.891411,66.419533,30.883608,62.887943,50.10582
18/01/2019,51.534241,44.273609,104.407776,50.06575,56.826923,24.964922,86.914162,67.682747,30.997496,63.845383,50.162457
22/01/2019,50.821564,43.358006,102.843758,49.607571,55.589619,24.676867,86.315956,66.284538,30.94055,62.770699,50.256847
23/01/2019,50.474857,43.161102,103.049042,50.199383,55.019932,24.705671,86.412422,66.380951,30.95953,62.985641,50.766594
24/01/2019,50.205193,43.358006,103.479141,49.57893,55.313671,24.763283,85.688782,66.718468,31.082916,63.513214,51.030907
25/01/2019,51.158642,43.909328,104.622826,49.378475,56.016891,24.964922,85.794922,67.567032,31.443567,64.412018,50.332371
28/01/2019,51.081593,43.525368,104.016785,49.588482,55.456093,24.888111,84.820427,66.920959,31.756771,63.552284,50.096382
29/01/2019,51.61129,43.013416,103.342293,49.703026,55.625225,24.801689,85.235306,67.846664,32.00354,62.868401,50.237972
30/01/2019,52.16024,43.633663,105.375519,50.037109,56.408554,24.945719,86.402786,68.907379,32.269279,64.82235,50.625004
31/01/2019,51.38015,45.415638,106.333466,50.963017,56.773514,24.90731,87.483421,69.206306,32.582493,64.753975,51.691681
01/02/2019,51.534241,45.258118,104.779236,50.800751,57.761574,25.012932,87.560616,69.31237,32.383175,65.134979,51.49345
04/02/2019,51.447559,45.681454,105.463493,51.125286,57.8951,25.118555,87.309746,70.209152,32.572994,66.180344,51.578407
05/02/2019,51.823162,46.183559,106.450783,51.13483,57.984112,25.05134,87.184319,70.81665,32.791286,66.737228,51.68224
06/02/2019,51.51498,45.149822,106.01088,51.144382,57.556843,25.022537,87.579903,70.83593,32.535027,66.961937,51.653927
07/02/2019,50.802303,44.716625,105.140915,51.106197,56.283936,24.772882,86.615051,70.353798,32.810272,66.043571,52.33358
08/02/2019,50.754147,45.021832,104.720573,51.34483,56.025787,24.648062,86.779076,70.459862,32.810272,66.424591,52.560139
11/02/2019,50.831196,44.559113,104.906311,51.478466,56.292835,24.724876,86.672943,70.83593,32.905182,66.395287,52.541252
12/02/2019,51.967628,45.071056,106.519196,51.879375,57.004948,25.089746,87.859711,71.935204,32.677402,67.274559,52.663971
13/02/2019,52.035038,45.100594,107.242554,51.974834,57.717064,25.156961,88.052696,72.359482,32.895691,67.36248,52.512936
14/02/2019,51.765377,45.267963,106.851555,51.392555,57.921806,24.849701,88.255318,72.021996,33.01907,67.479721,52.427979
15/02/2019,52.468426,45.464863,107.584679,51.879375,58.856464,25.377804,89.586807,72.98629,33.21838,68.017059,52.588455
19/02/2019,52.795872,45.514088,108.024567,52.146648,59.034485,25.416212,89.374542,72.957352,33.256348,68.036606,52.89996
20/02/2019,53.701157,45.356567,108.239616,52.051193,59.28373,25.579441,89.268387,73.304497,33.047543,68.114761,53.135952
21/02/2019,53.489288,44.933224,108.024567,52.203922,58.366879,25.445017,88.486877,73.005562,33.104488,68.144066,53.522984
22/02/2019,53.720425,45.356567,108.611069,51.955738,58.536003,25.406609,89.297356,73.487701,33.294312,69.01358,53.853371
25/02/2019,54.067135,45.405792,108.24939,51.66938,58.633919,25.512228,89.422775,73.776985,33.01907,69.345749,53.504105
26/02/2019,53.758945,45.405792,108.396011,51.698017,58.446995,25.435415,89.104378,73.574493,32.952633,69.492302,53.438023
27/02/2019,53.672268,45.179352,108.317802,51.621651,58.669525,25.531433,88.689484,73.863777,32.848232,69.423912,53.504105
28/02/2019,53.01738,45.208889,107.731308,51.869831,58.082031,25.464222,88.428978,73.61306,32.943142,69.228523,53.815605
01/03/2019,52.949963,45.563313,108.601288,51.77438,59.1502,25.627453,89.683289,73.68055,32.905182,69.697464,53.92889
04/03/2019,53.190731,45.622383,108.259163,51.688473,59.257023,25.464222,88.467575,73.352699,33.038059,69.433678,54.023281
05/03/2019,52.940334,45.907898,108.53286,51.650288,59.061184,25.368202,88.419334,72.880203,33.132965,69.228523,53.957207
06/03/2019,53.055904,45.888206,108.024567,51.573925,58.313465,25.204971,87.126434,72.195572,33.047543,68.867035,53.957207
07/03/2019,52.622513,45.484558,106.714699,51.239834,57.96632,24.945719,86.441383,71.761635,33.01907,68.212448,54.136559
08/03/2019,52.709194,45.455013,105.971794,51.268467,56.880329,24.936115,86.258057,71.616989,33.047543,68.202682,54.325356
11/03/2019,53.460392,46.272163,107.428284,51.936649,57.770481,25.19537,87.242218,72.22451,33.560059,69.668152,54.712376
12/03/2019,53.662636,46.478912,107.731308,51.955738,58.144341,25.252977,87.879013,71.626648,33.740383,70.078491,55.089962
13/03/2019,53.922668,46.616741,108.112549,52.251656,58.731834,25.425814,88.824562,72.253418,33.901733,70.537659,55.146606
14/03/2019,53.518177,46.409996,107.789963,52.203922,58.794147,25.521832,88.679848,72.01236,33.987148,70.684212,55.137169
15/03/2019,53.584915,46.373508,108.481453,52.499531,58.770821,25.700375,89.087563,71.758255,33.84779,71.539856,55.336872
18/03/2019,53.710655,45.979012,109.53096,52.576309,59.587204,25.960949,88.951973,72.456535,33.675976,71.843704,55.127655
19/03/2019,53.642948,46.057907,110.080231,52.53793,59.425724,25.75828,89.658951,72.194687,33.580521,71.990723,54.500019
20/03/2019,53.594585,46.47213,110.237175,52.317177,59.946056,25.22748,89.039139,71.700066,33.733246,71.794693,54.642666
21/03/2019,54.16526,47.083607,111.747673,52.931427,60.367702,25.150276,89.387772,72.388641,34.334599,73.598137,55.222759
22/03/2019,52.549976,46.324192,109.53096,52.864246,58.734936,24.45541,87.760803,70.749611,34.172329,71.863312,55.622158
25/03/2019,52.453251,46.245293,110.178322,52.969818,58.761848,24.349249,87.712364,70.914497,34.20097,71.549667,55.669708
26/03/2019,52.772442,46.47213,110.649124,53.420918,59.605152,24.638775,88.312805,71.389709,34.410957,71.941719,56.069118
27/03/2019,52.704735,46.136806,110.423538,53.238556,59.183506,24.532616,87.576782,71.467308,34.296421,71.530067,55.679218
28/03/2019,53.217369,46.02832,111.090508,53.4977,59.40778,24.744932,87.79953,71.99102,34.582779,71.824097,55.023052
29/03/2019,53.681644,46.126942,111.669197,53.85281,59.318077,24.812489,88.855133,72.766884,34.573231,72.529808,55.317856
01/04/2019,54.484451,46.827179,112.895256,53.670452,60.098568,25.420498,88.990723,74.270142,34.468235,73.519722,54.937466
02/04/2019,54.668221,47.073746,112.875641,53.228958,59.68589,25.401197,88.787331,74.241043,34.764137,73.774567,55.013538
03/04/2019,55.383976,47.25127,113.67012,52.969818,59.111729,25.478405,88.67112,74.017967,34.725956,74.372444,54.927952
04/04/2019,55.944977,47.517555,114.592125,53.171371,59.605152,25.63282,88.487137,74.473793,34.62096,74.058807,54.737762
05/04/2019,55.925629,47.655632,115.268906,53.353733,60.654793,25.671423,89.097237,74.687164,34.888229,74.411644,55.251282
08/04/2019,55.944977,47.566868,115.68087,53.574478,60.92392,25.700375,89.077873,74.367119,34.716408,74.695885,54.861385
09/04/2019,55.538734,47.695091,114.641159,53.50729,60.179317,25.488054,88.845451,73.358482,34.611416,74.343033,54.994522
10/04/2019,55.509716,47.902195,115.19043,53.660858,60.403591,25.565262,88.874496,73.339096,34.888229,74.862511,54.823349
11/04/2019,55.480705,47.931782,115.337555,53.76643,60.448448,25.719677,87.780159,73.96949,34.8405,74.764488,55.099129
12/04/2019,56.215801,48.346008,116.053574,53.93919,60.609932,26.192572,86.976341,74.949013,35.03141,75.283966,55.355888
15/04/2019,55.954647,48.306557,116.288986,54.255913,60.25108,26.028507,87.324982,74.531998,34.821415,75.254562,55.346382
16/04/2019,56.206127,48.355869,116.799026,54.265514,60.645824,26.395241,85.533356,74.987808,34.000515,75.636818,54.661682
17/04/2019,55.857922,48.44463,117.024612,54.534248,60.565075,26.462795,83.073502,75.084793,33.647335,76.058266,54.452469
18/04/2019,55.925629,48.474224,116.985374,54.582237,60.277996,26.385593,83.209076,75.947952,33.914604,76.273903,54.480995
22/04/2019,55.548409,48.691193,116.543991,54.601429,61.551914,26.308384,83.257507,75.715195,33.542339,76.450325,54.433453
23/04/2019,55.799885,49.342121,117.936806,54.428673,61.453228,26.47245,84.574585,76.374695,33.924149,77.28344,54.585606
24/04/2019,55.451691,49.115276,118.044693,54.543846,60.376686,26.443495,84.477753,76.151611,34.162781,77.312843,54.937466
25/04/2019,54.745602,49.66758,117.426758,54.198326,60.188282,26.491755,85.34935,74.619278,34.124603,77.293236,55.165691
26/04/2019,55.200207,50.062084,118.358566,54.687809,59.40778,26.733023,86.201599,75.18177,34.353695,76.999191,55.251282
29/04/2019,55.093807,50.515762,117.946609,54.754997,59.353958,27.003246,86.046631,75.356339,34.000515,77.018806,54.927952
30/04/2019,55.56776,49.381573,117.770065,55.388443,59.309093,27.041853,86.443703,75.65699,34.391872,77.14621,55.831375
01/05/2019,54.561825,49.125145,116.338028,54.707008,58.124889,26.819881,86.288742,75.162376,34.391872,76.950203,55.260796
02/05/2019,54.28133,48.927895,116.426292,54.687809,57.111134,26.848833,86.656761,75.123596,34.458687,76.548325,55.137169
03/05/2019,54.813305,49.401295,117.799484,55.100517,57.640442,27.090107,87.3153,76.035248,34.697315,77.273636,55.441479
06/05/2019,54.02985,49.322392,117.083481,55.014133,57.69426,26.90674,87.760803,75.307861,34.554142,76.675758,55.137169
07/05/2019,53.081955,48.523537,115.308128,54.46706,57.191875,26.462795,86.075684,73.785217,33.962334,75.029137,54.965992
08/05/2019,53.033592,48.44463,115.347374,54.45747,57.191875,26.404892,86.259689,73.785217,33.962334,74.940918,54.214722
09/05/2019,52.61768,48.296692,114.876564,54.342293,57.191875,26.346987,86.075684,73.67852,34.076878,74.431252,54.148163
10/05/2019,53.333439,48.434769,115.043304,55.004536,57.461018,26.520704,86.104752,73.96949,34.468235,74.666489,55.118145
13/05/2019,52.134064,46.935673,111.620163,54.486263,56.474174,25.748631,84.487427,71.864944,34.468235,71.853493,55.707748
14/05/2019,52.578991,47.201958,112.748138,54.745396,57.164959,25.9513,84.913544,72.61171,34.592327,73.010056,55.336872
15/05/2019,52.443581,48.257244,113.513184,55.177292,57.461018,25.854792,85.165352,72.708687,34.821415,73.80397,55.241779
16/05/2019,53.178677,48.681332,114.562706,55.609192,57.775009,26.115362,85.833572,73.377884,35.021862,74.480263,55.612652
17/05/2019,52.859493,48.326283,113.689751,55.426834,57.191875,25.941645,85.649559,72.563225,34.974136,73.882378,55.897945
20/05/2019,52.105042,47.527424,112.885445,55.292465,57.218784,25.970598,85.610832,72.378944,34.410957,72.598404,55.974018
21/05/2019,52.907856,48.050129,113.67012,55.177292,57.88266,26.240828,86.41465,73.232407,34.697315,73.490326,56.078625
22/05/2019,52.540302,48.000816,112.502914,55.426834,56.985538,26.086412,86.908554,72.631111,34.859592,73.10807,56.497051
23/05/2019,51.737499,47.330173,111.110115,55.407639,55.074657,25.719677,86.60833,71.52549,35.03141,71.824097,56.982048
24/05/2019,52.027672,47.320305,111.257248,55.206089,55.280994,25.922348,86.734222,71.554588,35.079136,71.843704,56.896461
28/05/2019,51.50536,47.527424,110.521606,54.303902,54.706825,25.623167,85.494629,70.895096,34.716408,71.637878,55.964508
29/05/2019,51.51503,47.063881,109.540764,53.910397,54.356953,25.574913,84.67144,70.575043,34.31551,71.216423,55.222759
30/05/2019,51.602085,47.172367,110.256783,54.140743,53.666164,25.488054,85.136299,70.846611,34.525501,71.657486,55.137169
31/05/2019,51.021744,46.442543,108.814949,53.372925,52.724186,25.102018,84.526169,69.876778,34.811867,70.461716,55.393929
03/06/2019,52.62735,44.982891,107.902756,54.044769,53.397026,25.266085,84.729546,70.35199,34.945507,69.226746,55.945496
04/06/2019,54.107227,45.949417,110.825668,54.534248,54.321072,25.9513,86.133797,72.029808,34.754593,71.539856,55.993042
05/06/2019,54.503792,45.969147,111.374947,55.1581,53.719986,26.115362,86.782661,72.728088,35.54686,72.470985,57.191261
06/06/2019,55.15184,46.166397,111.943832,55.733959,54.715805,26.211876,87.228134,72.854164,35.613674,73.313911,57.543118
07/06/2019,55.64513,46.915939,113.562233,56.271431,54.966999,26.173271,88.138481,73.436073,35.728226,74.676277,57.115185
10/06/2019,55.741852,46.876492,114.523468,56.290634,55.128487,26.395241,88.399963,73.533051,35.604126,75.440796,56.725288
11/06/2019,55.703163,47.073746,114.964844,56.472988,55.236134,26.404892,88.2547,72.902664,35.670948,75.440796,56.382938
12/06/2019,55.886944,46.846909,114.935417,56.559364,54.455639,26.144318,88.680817,73.057838,35.804581,75.019333,57.115185
13/06/2019,56.215801,47.369617,115.965309,56.684139,55.092602,26.231176,88.57428,73.426376,35.852306,75.244759,57.229298
14/06/2019,55.973991,47.458378,116.220314,56.712929,54.733749,26.28908,88.370895,73.135422,36.005035,74.588066,57.828407
17/06/2019,55.461361,48.000816,116.269363,56.549763,55.191284,26.047808,88.767982,72.88327,36.396393,74.646881,57.666744
18/06/2019,55.89661,48.267109,117.15213,56.242638,55.953842,26.395241,89.523361,74.299225,36.291397,75.999474,57.429005
19/06/2019,55.587105,48.326283,117.36792,56.472988,55.891041,26.346987,90.327179,74.241043,36.530029,76.273903,57.866447
20/06/2019,56.293179,48.632023,118.182014,56.972069,57.129078,26.462795,90.724243,75.482422,36.749573,77.391258,58.237331
21/06/2019,56.114143,48.837654,117.634781,56.787357,57.541901,26.403625,91.15995,75.080147,36.338753,77.02536,58.462589
24/06/2019,56.328209,48.956284,117.004868,56.932415,57.025871,26.296926,90.683388,74.934044,36.155952,77.172897,58.481754
25/06/2019,56.357399,48.046757,115.882851,56.903404,56.573215,26.209625,90.313805,74.369087,35.665279,75.756516,58.12709
26/06/2019,56.260101,47.858917,116.256866,56.091045,57.442314,26.161125,89.175896,74.554161,34.972557,76.572906,56.861794
27/06/2019,56.444969,48.195053,116.985191,56.19743,57.016815,26.393925,89.79834,74.622337,35.2612,76.769623,56.93848
28/06/2019,56.921753,48.659702,117.319824,56.158745,57.6777,26.77223,90.099846,75.411324,35.376644,76.759789,57.158951
01/07/2019,57.359612,49.055149,118.353271,56.497227,57.732021,27.092335,90.547218,75.479515,35.309299,77.979439,57.01516
02/07/2019,57.301235,49.509907,118.609169,56.99044,56.808598,27.024433,91.033508,75.382095,35.963531,78.186005,57.791595
03/07/2019,57.593136,49.766949,119.642601,57.696419,57.034927,27.237837,91.811584,75.800949,36.483067,78.785995,58.194187
05/07/2019,57.330425,49.836155,119.780388,57.444973,57.116405,27.315434,91.179405,75.498993,36.281021,78.638458,58.165436
08/07/2019,56.668774,49.391277,119.928032,57.522339,57.197887,27.179634,90.498604,74.875595,36.415722,78.03846,58.251705
09/07/2019,56.114143,49.69775,120.055977,57.183857,57.243149,27.228134,90.586136,74.710007,36.608139,78.313866,58.328388
10/07/2019,55.997379,50.261261,120.489037,57.55135,57.976452,27.131134,90.897346,74.534683,36.810184,78.933533,58.462589
11/07/2019,56.240635,50.29092,120.735092,57.696419,58.094143,27.286333,90.916809,75.041183,36.338753,79.228607,58.481754
12/07/2019,56.795261,50.656708,122.122864,57.860825,58.338585,27.470636,89.905334,76.356155,36.194435,79.808929,58.098335
15/07/2019,56.834179,50.666588,122.516548,57.996212,57.813503,27.315434,90.099846,76.044464,36.242542,80.074516,58.328388
16/07/2019,56.970402,50.547958,122.359062,58.015556,57.197887,27.247534,89.652451,76.531487,36.184818,79.326973,57.992893
17/07/2019,56.464432,50.073418,121.187836,57.947853,56.546055,27.014732,89.671906,74.895081,36.002014,79.120415,58.213367
18/07/2019,56.707684,49.668091,121.030357,58.334694,56.555111,27.218435,90.177643,75.031441,35.992393,79.710571,58.721397
19/07/2019,56.834179,49.025486,120.233139,57.967197,56.81765,27.102036,89.243973,75.440544,35.40551,79.36631,57.868279
22/07/2019,56.688229,49.213326,120.302048,57.628719,57.080189,27.160234,89.059174,75.498993,35.367023,80.281059,57.743668
23/07/2019,57.85585,49.401165,121.118942,58.044563,57.2341,27.441536,89.613541,76.453568,35.713383,80.723671,57.379414
24/07/2019,57.816929,49.836155,121.729164,57.65773,57.478531,27.722839,89.662178,76.784752,35.684525,81.392509,57.427345
25/07/2019,57.398537,49.70763,121.050049,57.735096,56.826694,27.528835,89.224518,76.628899,35.530582,81.058098,57.283554
26/07/2019,57.466644,51.131245,121.601212,58.383045,56.537003,27.82954,89.545471,76.46331,35.646034,81.235146,57.494442
29/07/2019,57.272041,50.844543,121.010681,58.489426,56.310669,27.616137,89.915047,76.32695,35.780731,81.185966,57.791595
30/07/2019,57.651516,50.607277,120.193779,58.663502,56.944389,27.538536,89.526024,76.658112,36.136711,80.664665,57.350658
31/07/2019,56.766068,50.201942,118.815857,57.473991,56.763336,27.402737,88.640968,75.800949,35.992393,79.444992,57.082264
01/08/2019,56.444969,49.964672,117.201729,57.270901,55.477779,26.781931,88.757683,74.330124,36.078983,79.041725,57.666981
02/08/2019,55.783318,49.480251,116.237183,57.280567,54.681107,26.77223,88.553436,73.852829,36.357994,77.75322,57.657398
05/08/2019,54.732452,47.878693,113.11718,55.791256,53.051533,25.879824,86.472122,71.807327,35.665279,74.507355,56.833038
06/08/2019,54.800568,48.570728,114.839584,56.294136,52.988159,26.296926,87.590576,72.888527,36.107845,75.746689,57.54237
07/08/2019,55.559525,48.630043,115.302162,56.951759,52.589821,25.947721,87.619759,72.849564,36.44458,76.218803,57.686153
08/08/2019,56.620117,49.608776,117.526527,57.686749,54.1017,26.442429,88.786858,74.086609,37.021847,78.087631,58.280457
09/08/2019,56.172527,49.055149,116.424187,57.367607,53.504185,26.355127,88.893837,73.463211,37.01223,77.2024,58.347561
12/08/2019,55.296806,48.511406,114.7313,56.980766,52.870472,25.850721,88.028244,72.450195,36.97374,76.189308,58.232536
13/08/2019,55.89035,49.242985,116.621025,57.628719,53.359337,26.170828,89.175896,73.317101,37.002605,78.097481,58.270878
14/08/2019,54.11945,47.493134,112.969543,56.719662,51.268059,25.200815,86.695824,71.07679,36.425343,75.697495,57.791595
15/08/2019,54.138912,47.57222,112.782547,57.570694,50.951199,25.326916,86.997307,70.998856,36.935257,75.559792,58.539272
16/08/2019,55.092472,48.185165,114.062035,58.228313,51.621136,25.773121,88.067146,72.372284,37.195026,76.99585,58.836426
19/08/2019,55.530334,48.936516,115.499008,58.808567,52.761833,26.035025,88.913292,73.054108,37.531761,78.166328,59.210266
20/08/2019,54.878407,48.610271,115.528526,58.170288,52.31823,25.68582,88.154686,72.625526,37.252754,77.772896,59.114403
21/08/2019,55.160583,48.798107,117.752892,58.32502,52.653194,25.802223,88.806297,73.073586,37.406689,78.68763,59.50742
22/08/2019,54.79084,48.689362,117.782417,58.634495,52.417812,25.976824,88.368652,73.18074,37.589493,78.500748,59.564934
23/08/2019,53.467525,47.354733,114.652573,57.65773,50.661499,25.317217,86.326241,71.222893,37.118061,75.904053,58.932281
26/08/2019,53.642673,48.066532,115.784439,58.373379,50.878777,25.559721,87.230736,71.748878,37.464417,76.956505,59.612858
27/08/2019,53.681591,48.155506,115.213585,58.208969,50.561909,25.404518,86.715263,71.378738,37.33934,76.838478,59.7183
28/08/2019,54.099991,48.274139,116.650551,58.769882,51.286171,25.63732,87.347435,72.255394,37.445171,76.907326,59.555347
29/08/2019,54.79084,49.025486,118.402481,58.798897,52.037579,26.025326,88.008797,73.492432,37.714565,78.245018,59.967525
30/08/2019,55.160583,48.966167,117.693832,58.721531,52.037579,26.112625,88.115776,73.794388,37.724182,78.225349,59.986698
03/09/2019,54.722725,48.48175,117.211555,59.060013,51.784088,25.841021,87.600311,72.791122,38.262966,77.271255,61.050701
04/09/2019,55.394112,49.420937,118.372948,59.591908,52.508343,26.093222,87.658661,73.716461,38.580456,78.589279,61.108212
05/09/2019,55.481678,50.261261,120.636673,59.224419,53.160172,26.62673,88.524254,75.041183,38.243721,80.231873,60.446812
06/09/2019,55.695747,50.152512,120.931946,59.417828,53.440819,26.617029,88.767395,75.197037,38.291828,80.163033,60.207172
09/09/2019,55.403839,50.310692,121.394524,59.28244,54.50909,27.024433,87.950439,75.421074,38.003197,79.563034,59.910015
10/09/2019,55.94873,50.37989,120.91227,58.914948,55.151867,27.121433,88.203316,76.11264,37.445171,79.15976,59.986698
11/09/2019,56.483894,50.646816,121.138634,59.127708,55.206181,27.276634,89.078629,76.823708,37.358585,79.985977,60.581005
12/09/2019,56.921753,50.795113,121.719315,59.36948,54.862164,27.422136,89.049446,76.872406,37.579868,80.418762,60.715206
13/09/2019,57.544487,50.706139,121.473267,59.030998,55.296719,27.635538,89.000824,77.291252,37.127674,79.828606,60.331779
16/09/2019,56.600658,50.518299,119.91819,58.460419,57.152618,27.538536,88.806297,77.223068,37.51252,79.631882,60.379711
17/09/2019,57.057972,50.567734,120.646523,58.779556,56.355934,27.567638,88.942474,77.184105,38.041679,79.956474,60.906914
18/09/2019,57.087166,50.508415,120.587463,58.876263,56.084343,27.664639,88.932739,77.067223,37.926224,79.946632,61.165733
19/09/2019,57.184467,50.557842,120.26268,58.866592,55.939495,27.538536,89.350967,76.677597,38.0513,80.12368,61.453297
20/09/2019,57.051476,50.229847,118.884125,58.679813,55.985172,27.376698,89.84903,76.192879,37.889553,79.189323,61.69672
23/09/2019,56.914562,50.051479,119.298874,58.913284,56.003445,27.425442,89.370483,76.046005,38.025146,79.435982,61.706383
24/09/2019,56.425606,49.298382,118.025009,59.156487,55.117256,27.162207,88.550117,75.61515,37.976719,78.666389,62.430859
25/09/2019,56.718979,49.863209,119.101379,59.1954,55.208614,27.386444,88.120407,76.104759,37.937981,79.603714,62.39222
26/09/2019,56.591854,49.377659,118.587883,59.526154,54.486874,27.259701,87.632103,76.212463,38.306026,79.692513,62.720654
27/09/2019,56.435387,48.822742,118.173141,59.458054,54.477741,27.366945,87.241455,75.908913,38.054207,78.626923,62.498478
30/09/2019,56.914562,49.070469,119.190254,59.749901,54.084892,27.2987,88.022743,76.016624,38.102634,79.455711,62.537121
01/10/2019,55.574825,48.575012,118.192886,59.59425,52.833267,26.723476,87.163322,74.195282,37.773331,78.715714,62.39222
02/10/2019,54.577354,47.841724,116.069778,58.397694,51.535957,26.177504,85.893715,72.794998,37.540874,77.235733,61.561485
03/10/2019,54.772934,48.307465,116.632652,58.806278,52.093254,26.284746,86.665253,73.274818,37.986408,78.182922,61.706383
04/10/2019,55.066311,48.961472,117.72876,59.73045,52.422146,26.772224,88.022743,74.038612,38.160748,79.475449,62.566093
07/10/2019,54.870728,48.961472,117.215263,59.244041,51.956207,26.635733,87.729759,73.666512,38.092949,79.139984,62.3246
08/10/2019,53.912373,48.168732,115.980904,58.679813,51.070026,26.109257,86.059753,72.530609,37.908924,77.689598,61.745018
09/10/2019,54.518677,48.4561,116.968391,59.127304,51.535957,26.352997,86.684792,73.147522,38.025146,78.843994,62.044476
10/10/2019,55.017414,48.733555,117.748512,59.244041,52.184612,26.62598,87.114494,73.813393,38.122005,79.386642,61.97686
11/10/2019,56.083336,49.308296,119.081619,59.185669,52.888081,26.957466,87.837196,75.20388,37.996094,80.481834,61.745018
14/10/2019,55.682396,49.199295,119.022369,58.893829,52.860672,26.996464,87.798134,75.056992,38.054207,80.43251,61.348969
15/10/2019,56.073563,50.041573,120.069122,58.6409,53.079933,27.386444,89.399788,75.664108,38.083267,81.320496,61.155781
16/10/2019,56.190907,50.130756,120.562859,58.699265,52.339928,27.318199,89.282585,75.624947,38.034836,80.758102,61.291016
17/10/2019,56.337597,50.428036,120.878868,58.971653,52.376465,27.337698,89.946686,75.99704,38.286655,80.600243,61.445568
18/10/2019,56.239803,49.843391,120.641861,59.088387,52.102386,27.405947,89.614639,75.340965,38.654705,79.830643,61.648426
21/10/2019,56.063782,50.140667,121.066483,59.282951,53.034256,27.786175,89.516991,75.791405,38.916214,80.689041,61.889915
22/10/2019,55.829082,49.655113,120.296242,59.30241,53.719452,27.708181,89.712303,76.388725,38.799988,79.603714,62.15073
23/10/2019,56.181126,50.041573,119.743248,59.574799,54.167118,27.825176,90.268982,76.378937,38.86779,79.672783,62.401882
24/10/2019,56.357155,49.476749,119.683998,59.779083,53.938717,27.786175,89.809967,76.486656,38.722504,80.837036,62.614395
25/10/2019,56.97324,49.863209,119.545746,59.428875,54.377239,27.922668,89.907623,76.966461,38.247917,81.813835,61.97686
28/10/2019,57.149261,50.328945,119.921005,59.312138,54.066624,28.068913,90.835426,77.181892,37.841129,82.849815,61.126797
29/10/2019,57.501312,49.873119,119.239624,59.312138,54.285881,28.137159,92.12455,77.436493,37.937981,82.09996,61.184753
30/10/2019,57.550205,50.011845,119.98024,59.584522,53.180431,28.117661,92.642159,77.71067,38.218857,82.603165,61.725704
31/10/2019,56.904785,50.160484,119.338371,59.496971,52.952034,27.981167,92.534729,76.878334,38.092949,82.553825,62.063793
01/11/2019,57.706676,50.487495,120.128372,59.487244,54.157978,28.390648,92.651924,78.552803,37.996094,83.540474,61.909233
04/11/2019,58.156517,50.76495,120.187614,58.913284,55.921219,28.634386,92.368706,79.46347,37.569935,83.974617,61.117142
05/11/2019,58.254307,50.784767,120.365364,59.107849,55.994308,28.741631,91.714378,79.629929,36.921005,83.875954,60.489254
06/11/2019,58.215187,50.606403,120.493736,59.351048,54.85231,28.887873,92.026886,79.678902,37.056602,83.836479,60.721092
07/11/2019,58.606358,50.923496,119.772865,59.146759,55.674545,29.102362,92.231979,79.953079,36.659496,84.497551,59.900009
08/11/2019,58.841053,51.062225,119.822243,59.107849,55.446148,29.092613,92.905846,80.060791,36.591698,84.971138,59.648857
11/11/2019,58.753044,50.824406,119.575371,59.02029,55.135529,29.014618,92.524963,80.09996,36.659496,85.010612,59.281788
12/11/2019,59.05619,50.883858,119.496368,59.214855,54.85231,29.053616,93.081635,80.090172,36.417358,85.296738,59.426685
13/11/2019,58.713928,50.864044,119.121124,59.66235,54.614773,28.868376,93.189072,79.75724,36.785412,85.4842,60.305725
14/11/2019,59.075752,51.091953,119.634621,59.642891,54.468601,28.926872,93.198837,80.011833,37.153461,85.385536,60.518238
15/11/2019,59.026859,51.518051,119.851875,59.66235,54.888863,29.004868,95.181358,80.599365,37.337479,86.076195,60.711426
18/11/2019,58.880169,51.696411,120.266617,59.973648,54.221935,29.063366,94.859085,80.295807,37.540874,86.332741,60.837002
19/11/2019,58.753044,51.726143,118.943382,59.895824,53.417969,29.121862,95.503662,80.227257,37.618362,86.500458,60.682453
20/11/2019,58.019611,51.40905,118.666893,60.032013,53.956985,28.985369,95.376701,79.590759,37.637733,85.977531,61.049522
21/11/2019,57.921814,51.547779,117.995384,59.73045,54.843178,28.956121,95.620857,79.561394,37.134087,85.543404,60.837002
22/11/2019,58.019611,51.567596,118.805138,59.633163,54.660458,29.17061,95.962677,79.972664,36.921005,85.434868,60.856327
25/11/2019,58.400993,51.726143,119.851875,59.70126,54.715275,29.355852,97.085785,80.550407,36.950066,86.678062,60.653469
26/11/2019,58.694366,51.894596,120.671494,60.187664,54.212791,29.326603,97.007652,80.785416,37.463398,86.757004,60.856327
27/11/2019,58.929062,52.261238,121.708359,60.333584,54.349838,29.443598,97.50573,80.707077,37.579617,87.240456,60.962582
29/11/2019,58.713928,52.082874,120.918365,60.314133,53.801678,29.394852,97.16391,80.334976,37.434338,86.98394,60.904625
02/12/2019,58.127178,51.587418,119.921005,60.450325,53.801678,29.209608,96.7342,79.013031,36.746666,85.740746,60.508575
03/12/2019,57.755573,51.488323,118.716255,60.353043,52.997711,28.800129,96.519348,78.151321,37.046917,84.98101,60.672794
04/12/2019,57.882698,51.755867,119.377876,60.751892,53.792538,29.073114,97.417824,78.454872,37.240627,85.326347,61.136459
05/12/2019,58.176075,51.973873,119.259369,60.732437,53.536732,29.209608,97.417824,78.474457,37.298737,85.642075,61.242718
06/12/2019,58.772598,52.281059,120.217247,60.965912,54.559963,29.599588,98.062408,79.424301,37.308426,86.589264,61.059181
09/12/2019,58.655251,52.082874,120.365364,61.014553,54.49601,29.531345,97.378769,79.12075,37.35685,86.135406,60.846668
10/12/2019,58.303204,51.90451,120.157997,60.819992,54.60564,29.541092,97.593628,79.02282,37.095345,86.204468,60.837002
11/12/2019,58.743263,52.14233,120.464119,60.907543,54.514278,29.472845,97.681511,79.522224,36.814465,86.786598,61.001225
12/12/2019,59.564713,52.201782,121.520729,60.858906,55.519238,30.048067,98.589775,80.227257,36.368935,87.714058,60.74041
13/12/2019,59.105087,52.082874,121.629349,61.072918,55.098984,29.940823,98.521408,80.011833,36.407681,88.296188,61.213737
16/12/2019,59.359348,52.598156,122.162605,61.286938,55.838997,30.048067,99.58593,79.972664,36.688553,89.085518,61.97686
17/12/2019,59.447361,52.548607,122.705727,61.189659,55.875538,30.165062,99.478508,79.894325,36.291451,88.878319,62.179714
18/12/2019,59.369125,52.905342,122.824219,61.092377,56.085667,30.038319,99.615227,79.561394,36.804779,88.868446,62.430859
19/12/2019,59.57449,53.390892,123.209343,61.42313,56.067394,30.028568,100.005882,79.776825,37.153461,89.509773,62.450184
20/12/2019,59.863579,53.55674,123.397591,61.887039,56.605221,30.063847,100.713913,80.14389,37.440334,90.029465,62.879501
23/12/2019,60.030743,53.417709,123.110275,61.622231,57.186398,29.995253,101.115982,80.803223,37.215137,90.286835,62.295395
24/12/2019,60.099575,53.407776,123.38768,61.700691,57.158726,30.063847,100.988495,80.47847,37.264095,90.316528,62.383011
26/12/2019,60.365067,53.814938,124.893616,61.759541,57.140274,30.230434,100.919853,80.665451,37.489288,90.989655,62.490101
27/12/2019,60.138908,53.71563,124.88372,62.034157,56.900421,30.15204,100.949272,80.596558,37.626358,90.979752,62.675064
30/12/2019,59.952084,53.159508,124.0812,61.710499,56.720852,30.063847,100.343224,80.22261,37.596989,90.455109,62.665337
31/12/2019,60.394562,53.258816,124.259537,61.769348,57.043884,30.161839,100.540634,80.173409,37.861336,90.74218,62.908714
02/01/2020,59.686588,53.884453,125.735756,61.278961,57.556938,30.455812,100.807129,81.688896,37.420753,92.444771,62.120163
03/01/2020,58.72295,53.536877,124.665741,61.180882,57.385921,30.132441,99.928658,81.531441,37.694893,91.405396,62.246716
06/01/2020,58.467285,54.251892,125.012505,61.30838,57.832466,30.112844,100.550514,81.560966,37.704681,91.623169,62.30513
07/01/2020,58.39846,54.321407,124.814362,60.837608,57.68045,29.916861,100.353096,81.393669,37.293468,91.583572,62.21751
08/01/2020,58.604954,54.70871,125.190834,61.063187,56.730354,30.112844,101.004547,81.66922,37.479496,92.56356,62.188309
09/01/2020,58.821281,54.996704,125.854637,61.494732,57.148396,30.299026,101.438843,82.013634,37.469704,93.612823,62.529041
10/01/2020,58.585285,54.778225,125.171021,61.455498,56.825363,30.073647,101.46846,81.433037,37.831966,93.39505,62.694538
13/01/2020,59.34243,55.294624,125.567322,61.85762,56.844364,30.279428,101.113129,82.102211,38.292137,94.56311,63.074207
14/01/2020,59.096603,55.155594,125.527687,61.877232,56.853863,30.220633,101.725082,82.112053,38.106113,94.117668,63.259178
15/01/2020,59.499756,55.423725,125.240379,62.318584,56.435825,30.054049,102.603554,82.239983,38.370461,94.226555,64.145081
16/01/2020,59.853748,55.85075,126.359924,62.485313,56.530834,30.318626,103.136566,83.056778,38.713146,95.493599,64.54422
17/01/2020,60.11924,56.287704,126.805756,62.593201,56.169796,30.40682,103.136566,83.06662,38.7621,96.137016,64.992043
21/01/2020,59.470261,56.238052,126.419357,62.808971,55.162689,30.15204,103.24514,82.151421,39.15374,96.09742,65.585884
22/01/2020,59.234272,56.208256,126.359924,62.858006,54.630634,30.240232,103.373459,81.718422,38.840427,96.443878,65.790321
23/01/2020,59.165436,55.979847,126.548164,62.79916,54.421612,30.161839,102.850319,82.604095,39.212482,96.899223,66.374435
24/01/2020,58.742619,55.304554,124.78463,62.367622,53.794548,29.779671,101.132858,82.220306,39.15374,96.443878,66.549667
27/01/2020,57.474152,54.440575,122.92202,62.171467,52.302895,29.319109,100.362961,80.665451,38.987289,94.147362,66.384171
28/01/2020,58.123135,55.066216,124.120834,62.249928,52.540421,29.662083,100.856491,81.187004,39.085197,95.948944,66.656754
29/01/2020,58.309959,54.976841,124.051483,61.936081,51.989365,29.613083,100.580116,81.62001,38.879593,96.196411,66.831985
30/01/2020,57.946136,54.420712,123.843422,62.671665,52.407406,29.985455,99.849701,81.70858,38.967709,97.027901,67.45504
31/01/2020,56.667843,53.536877,124.160461,61.9655,50.773239,29.358305,97.855865,79.81913,38.40963,94.365143,67.153252
03/02/2020,57.857643,54.172447,125.042229,61.9655,50.10817,29.564091,98.744209,79.789612,38.448792,95.612381,67.367416
04/02/2020,58.88028,54.738499,127.320938,62.3382,50.288689,29.848265,100.481407,81.295258,38.948128,98.116776,66.695702
05/02/2020,59.971745,54.827881,127.964935,62.838394,52.179379,30.446014,102.416031,82.653297,38.918755,98.690903,66.968277
06/02/2020,59.942245,55.513107,127.677605,62.946281,51.647324,30.40682,102.504852,82.919006,39.085197,99.59169,66.98774
07/02/2020,59.086773,55.473381,127.122795,63.024746,51.286289,30.299026,101.705345,82.31871,39.104782,98.681007,66.773575
10/02/2020,59.057274,55.801098,128.559372,63.289547,51.029762,30.38722,102.248222,82.781235,39.555161,100.017342,67.02668
11/02/2020,59.38176,55.741512,129.569946,63.054165,51.599823,30.49501,102.860191,83.096138,40.034916,99.680786,67.270073
12/02/2020,59.706257,56.466457,130.897537,63.024746,52.293396,30.514606,102.988503,83.873573,40.289478,100.75975,67.318748
13/02/2020,59.489925,56.476387,130.669662,63.397438,52.131878,30.504808,102.504852,83.401199,40.534252,100.492477,68.068352
14/02/2020,59.499756,56.545902,130.471527,63.544556,51.85635,30.544006,102.583817,83.292946,41.004215,100.928032,68.525909
18/02/2020,59.352264,56.923275,130.461609,63.318974,51.428806,30.279428,102.218605,82.820595,40.96505,100.551888,69.100288
19/02/2020,59.509594,57.181477,131.046158,63.250317,52.112873,30.504808,102.69239,82.791061,40.387386,101.749634,68.35067
20/02/2020,59.607922,56.595562,131.095703,63.299362,52.05587,30.446014,102.031075,82.672981,40.837765,100.69046,68.594055
21/02/2020,59.332596,55.731579,129.094391,63.407246,51.438305,30.15204,102.090294,82.259666,41.053165,98.433548,68.467491
24/02/2020,57.66098,53.864594,124.655838,61.945885,49.063061,29.172125,98.87252,79.917542,40.504879,94.365143,67.669212
25/02/2020,55.173222,52.424629,121.326927,60.827801,46.896839,28.182407,95.871895,76.660225,39.486626,91.346008,66.247879
26/02/2020,54.986389,52.325317,120.365898,60.484524,45.481194,27.976624,95.86203,76.079605,39.143944,91.761757,65.576149
27/02/2020,52.410133,50.259716,115.501335,58.022778,43.048943,26.781126,92.604774,73.255295,36.931202,86.812363,62.626392
28/02/2020,51.839817,50.408676,114.75827,56.875271,43.010937,26.055988,91.410446,71.916939,36.020657,87.475586,60.533325
02/03/2020,54.062088,52.156498,118.701447,59.915676,44.749615,27.388674,95.694229,74.44603,37.812386,92.533859,64.096397
03/03/2020,53.590099,50.438473,115.828278,59.101627,43.381474,26.359762,93.315445,72.625481,37.783009,89.019798,63.307846
04/03/2020,55.812366,52.255806,119.830894,62.004734,44.407581,27.23189,98.694855,75.62693,39.251644,92.840714,66.900131
05/03/2020,54.042419,50.349094,115.362625,60.837608,42.782913,25.9188,96.404907,71.926773,38.35088,89.910683,65.868202
06/03/2020,52.636292,49.475185,113.589188,60.357029,40.379166,25.036873,95.89164,71.296959,37.694893,88.010117,65.332771
09/03/2020,47.709942,46.178162,106.435997,57.728546,32.246326,22.351902,90.907051,64.723267,35.031776,81.328438,61.779427
10/03/2020,49.647049,48.531757,112.32103,59.386055,33.775982,23.664991,94.026123,68.079002,36.735386,86.752968,62.353806
11/03/2020,47.287117,46.446293,106.178398,56.473152,31.989798,22.3813,90.433273,64.083618,34.767418,82.654877,59.219078
12/03/2020,42.734417,42.086678,95.448601,51.167145,27.999388,19.960905,83.681862,57.450882,31.781202,74.587364,53.24168
13/03/2020,45.733498,45.870308,101.353462,55.521797,30.583654,22.58708,89.485703,61.938309,34.571606,83.337891,56.142761
16/03/2020,40.698975,40.696365,88.513367,51.755615,26.422224,19.490545,80.661499,54.911942,29.039755,71.825592,49.76622
17/03/2020,43.21624,42.464046,91.921539,56.120075,26.602743,20.548853,85.725052,57.441036,30.802113,76.715599,56.133026
18/03/2020,40.453148,41.053875,86.640854,54.678329,22.78335,18.804604,82.882355,53.209473,28.638329,73.825157,53.689499
19/03/2020,41.485619,41.788757,89.662636,52.854084,24.33201,19.216167,81.184639,53.248837,28.18795,74.092415,50.564503
20/03/2020,40.000828,39.941631,86.997528,49.431171,24.569536,18.530226,78.065559,50.58197,26.592035,70.697128,46.553612
23/03/2020,37.961685,40.153748,87.140892,47.968349,22.894913,17.45207,74.010941,48.366455,25.114368,70.051353,44.178051
24/03/2020,42.426022,42.623524,95.314392,50.414604,26.566647,19.616287,79.714005,54.485401,27.304234,77.225647,48.927212
25/03/2020,43.415897,41.966244,96.986923,50.276512,27.819698,20.149929,80.775269,57.351486,28.517536,77.126144,50.175957
26/03/2020,45.455036,44.35635,100.999008,53.028545,29.519575,21.414858,86.141106,60.971283,30.707397,81.902359,54.453156
27/03/2020,43.811848,42.583687,97.614128,52.781948,27.518578,20.76263,84.296295,58.402714,30.786312,78.20079,54.748135
30/03/2020,45.207565,44.137253,99.655014,54.843513,27.800272,21.157919,88.243805,59.255596,31.585316,81.494392,56.773663
31/03/2020,44.58395,44.057587,97.643997,53.728893,28.227669,20.574865,87.856995,58.521721,30.579163,79.97197,54.482655
01/04/2020,42.574501,42.30484,93.283463,52.821404,26.828915,19.319817,84.514488,55.883732,28.724686,76.160942,51.208389
02/04/2020,43.217922,42.842617,93.631905,54.172764,29.286448,19.80405,86.855232,56.627525,29.148846,77.942078,52.811104
03/04/2020,42.178555,41.976204,91.999199,54.596916,28.975615,19.408758,86.071678,55.873817,28.902241,76.738068,50.923237
06/04/2020,45.316452,44.74474,99.655014,56.628891,30.510359,20.802158,90.584541,59.741547,30.993462,83.285477,54.856297
07/04/2020,46.524101,45.073376,101.13839,55.977871,31.161173,21.009686,89.840668,59.602703,31.003326,82.539192,54.168011
08/04/2020,48.800816,46.039379,104.324165,56.806438,33.23988,21.928736,93.540215,61.764664,33.331287,84.758156,57.117802
09/04/2020,50.899345,46.377979,106.205765,57.339092,32.938759,23.104723,94.055977,62.696888,35.047665,84.778046,59.811947
13/04/2020,49.780788,46.447689,106.175896,56.914944,32.831905,22.264732,93.23275,60.862194,33.439796,84.96711,57.914246
14/04/2020,50.424206,47.821999,110.327354,59.331612,32.676491,22.363554,96.327286,62.022514,34.554455,88.529381,59.615292
15/04/2020,48.107903,47.373852,107.908157,58.394535,31.141745,21.395094,95.831367,60.306828,33.222782,86.598984,57.648766
16/04/2020,47.830738,47.563068,109.202385,58.779228,29.810984,21.019567,97.924149,59.771297,33.005764,87.653732,57.658596
17/04/2020,49.751091,48.210388,112.427979,59.676846,32.977612,22.126379,99.957413,62.577877,34.071106,88.817947,59.516968
20/04/2020,48.523651,47.772205,110.466736,58.503036,31.947969,21.740973,99.16394,60.911777,32.808483,87.395027,57.265293
21/04/2020,47.325901,46.268429,107.599541,57.260181,31.384584,21.039333,96.148758,59.473782,32.325134,83.733253,56.321358
22/04/2020,48.256382,47.513275,109.919182,57.812565,32.501644,21.266626,97.616669,60.098568,32.887398,86.957199,57.963409
23/04/2020,48.592941,47.851875,109.889305,57.299637,33.550713,21.177685,98.15226,60.574596,32.512554,86.360184,56.989979
24/04/2020,49.355145,48.459358,111.750999,57.911201,33.628418,21.484035,99.471413,61.060539,32.630928,88.191063,57.343952
27/04/2020,50.671677,48.857712,113.841667,58.078892,34.356937,22.215321,100.750877,62.577877,33.577896,88.947304,57.943745
28/04/2020,51.612057,47.971378,114.289665,58.4044,35.143738,22.452496,98.717606,63.748116,33.607487,87.763191,58.160065
29/04/2020,52.928593,50.291771,116.808418,58.157799,37.746979,23.104723,99.372231,64.967941,33.696266,91.365273,57.629101
30/04/2020,51.354691,50.072681,116.081665,57.467323,36.911613,22.521671,98.915985,63.678696,33.459518,90.957298,56.301693
01/05/2020,50.275726,49.375568,111.741043,56.836033,34.823189,21.800266,97.031487,61.754749,32.433643,88.459724,54.94479
04/05/2020,50.453907,49.664368,112.348328,56.806438,36.027676,21.602623,96.981895,60.971283,32.413914,89.633881,55.357761
05/05/2020,50.582584,49.923298,112.756516,56.855759,36.056816,21.533445,99.084587,61.209301,32.621059,90.867744,55.810059
06/05/2020,49.711498,49.783878,112.736595,56.234329,35.114601,21.068977,98.102676,60.366333,32.019341,91.574226,53.912361
07/05/2020,50.731068,50.720001,114.508682,56.076508,36.027676,21.563093,98.092758,61.070457,32.305405,92.947395,54.128681
08/05/2020,51.948616,51.646168,116.738731,57.329227,37.66927,22.027559,98.598595,62.587795,32.897259,94.310608,55.2201
11/05/2020,51.156715,51.676041,116.479881,57.250317,37.008747,21.602623,100.29464,61.804337,32.502689,94.937492,54.984116
12/05/2020,50.374714,50.670208,113.931267,56.766983,36.357937,21.039333,98.767212,60.068813,31.121696,92.977249,54.502319
13/05/2020,49.315548,49.803791,111.970024,56.254055,34.706627,20.41675,97.696014,58.561394,30.628483,91.375221,54.040184
14/05/2020,49.919373,50.341568,113.642555,56.115963,35.095169,20.94051,98.767212,59.176258,30.66794,92.539421,54.620308
15/05/2020,50.354916,51.038681,114.966644,56.609161,34.959183,20.802158,99.600342,58.967995,30.559435,93.007095,53.8927
18/05/2020,52.651424,52.114227,119.317215,57.506779,37.814976,21.86944,100.423576,62.855564,32.048935,95.285759,56.105042
19/05/2020,52.146591,52.104267,118.88913,56.451336,36.756195,21.3358,99.213531,62.052265,31.42749,94.937492,55.180771
20/05/2020,52.978085,53.54829,120.442192,57.122086,38.222942,21.810148,99.332558,63.212585,31.723415,97.017136,55.485584
21/05/2020,52.473248,53.169857,120.870285,56.490795,37.610989,21.740973,98.598595,63.36134,31.565588,95.663872,54.925125
22/05/2020,52.394058,53.488537,120.691086,56.688076,37.377865,21.661915,98.806885,63.311756,32.256084,96.012138,55.534748
26/05/2020,53.82938,53.637917,122.602547,56.993855,38.417213,22.788492,98.628349,65.969574,33.281971,95.912636,55.898556
27/05/2020,54.37381,54.016354,124.703171,57.85202,38.912613,23.776718,99.649948,68.171211,33.992191,96.459915,56.567173
28/05/2020,54.878639,53.508453,123.189919,58.364941,37.824688,23.401192,100.949242,67.526581,34.376896,96.270859,58.238724
29/05/2020,54.888542,53.79726,123.637924,58.424126,37.649841,23.134373,102.169212,67.110062,34.179615,97.48481,58.691025
01/06/2020,55.264694,54.414703,124.812675,58.828545,38.310364,23.401192,101.157524,67.258827,34.860245,97.454964,59.389145
02/06/2020,56.264465,54.633797,125.877922,58.98637,39.37886,23.588957,101.742722,68.131538,35.087124,98.370399,59.772614
03/06/2020,57.541409,54.803093,128.257294,59.065285,40.534779,24.468477,101.54435,70.78936,35.925583,99.136589,60.490398
04/06/2020,57.749283,54.394787,127.610176,58.779228,40.544495,25.002119,100.740959,71.543076,35.254818,98.320641,59.408806
05/06/2020,59.224194,55.281113,130.66655,59.597935,43.555702,25.931051,102.367577,74.17115,36.547031,100.907776,60.16592
08/06/2020,59.303383,56.316826,132.657654,60.23909,45.517845,26.425163,103.071785,75.658745,37.346035,101.415245,61.778473
09/06/2020,58.580776,56.177402,131.622284,59.745892,43.808254,25.861876,102.000587,73.77446,36.912006,101.892868,60.539558
10/06/2020,57.917557,56.008106,130.387787,59.578209,41.65184,24.893414,101.841896,72.009193,36.221512,103.594398,60.185585
11/06/2020,53.443329,53.428783,123.558273,57.319366,37.727554,22.857668,96.178505,66.951393,33.982327,97.653969,57.835583
12/06/2020,54.482697,53.896847,124.782799,57.329227,38.679482,23.549427,96.80336,68.250549,35.057533,98.917679,57.688095
15/06/2020,55.05682,54.76326,125.967522,57.990112,38.796043,23.87554,97.021568,68.924927,35.501427,99.872925,58.081398
16/06/2020,56.205074,55.211403,128.615707,58.897594,39.913109,24.251066,99.411903,70.273674,36.093277,102.002335,58.346882
17/06/2020,55.739838,55.281113,128.277206,58.808819,38.553207,23.885424,99.312714,69.767883,35.669113,101.982422,58.169895
18/06/2020,55.779427,55.460373,127.809303,59.114601,39.029171,23.855776,98.975494,69.51004,35.22522,102.44014,58.160065
19/06/2020,55.611149,55.310993,126.813736,58.808819,38.436642,23.697659,99.92765,68.657158,34.87011,101.733665,56.527847
22/06/2020,55.817181,55.432732,128.116959,58.640823,38.614712,23.580305,99.544182,68.772705,34.77071,103.650414,57.079102
23/06/2020,55.946568,55.791973,129.124802,58.551357,38.654068,23.689703,99.972473,68.782669,34.641483,104.398758,56.504047
24/06/2020,54.314255,54.534634,126.280876,57.567215,36.50935,22.854298,97.362854,66.39196,33.756809,102.043968,55.988483
25/06/2020,54.99107,54.774124,126.450516,57.974789,37.207859,23.460962,98.319046,67.129097,34.114658,103.351082,55.294449
26/06/2020,54.234631,52.359238,123.486832,56.791832,35.91906,22.456486,97.123802,65.883934,33.528187,101.31559,54.70948
29/06/2020,55.289661,53.327187,125.831833,57.865437,36.401131,22.705118,98.000313,68.045532,34.104717,102.423134,55.740616
30/06/2020,56.085911,53.925922,127.438408,58.292892,37.237373,23.013422,99.67366,68.434021,34.601727,104.259064,55.948822
01/07/2020,56.205353,55.263092,128.725662,58.342598,36.332264,22.814518,100.440605,68.125221,35.54604,104.428696,57.257568
02/07/2020,57.260384,55.083473,129.234573,58.640823,36.73563,22.844353,101.197601,68.712944,35.426758,105.037338,57.406288
06/07/2020,58.076538,56.191132,132.29805,58.929104,36.843849,23.281946,102.223518,69.699112,35.466522,106.873276,56.702339
07/07/2020,58.096447,56.031467,130.222473,59.465908,35.673107,22.804573,101.337044,68.364288,34.889988,105.755753,56.4743
08/07/2020,57.270336,56.530411,131.609512,59.316795,35.643593,23.043259,101.347008,68.364288,34.870113,107.481934,56.979954
09/07/2020,56.732868,56.600266,131.459839,58.849579,33.882565,22.555941,100.550171,66.880066,34.750828,107.871071,56.216522
10/07/2020,57.718231,57.578194,133.026489,59.933128,34.964764,23.331673,100.311127,67.746696,34.790588,107.841133,57.277397
13/07/2020,57.718231,56.420643,131.340088,59.843658,34.777836,23.431126,100.878868,68.025612,34.243881,105.606079,57.336887
14/07/2020,59.171387,56.979458,132.647293,60.718452,35.997768,23.55047,102.880913,69.499878,34.581848,106.823387,57.87228
15/07/2020,60.166698,57.318741,134.543274,60.768154,36.774982,24.017899,104.215599,71.272995,34.740891,107.402107,57.644241
16/07/2020,60.365765,57.418533,134.184036,60.897385,36.607731,24.017899,104.046272,71.292915,34.333344,106.075043,58.377934
17/07/2020,60.873371,57.288807,133.555374,61.225433,36.096146,23.818993,105.470612,71.721245,34.810471,106.593903,59.69659
20/07/2020,60.345856,57.977348,135.690811,60.609104,35.496025,23.709595,105.450691,70.844658,34.482441,109.317863,58.913326
21/07/2020,60.873371,57.697941,135.900375,61.135963,37.640736,24.177023,105.380974,71.781013,34.492386,108.220291,59.181023
22/07/2020,61.580044,57.757816,137.067886,61.623066,37.178345,24.177023,106.327202,72.358772,34.90987,109.088371,60.093182
23/07/2020,61.390934,56.819798,135.012268,61.841763,37.109478,24.196915,105.849106,72.139618,34.730946,106.254646,60.162582
24/07/2020,61.181919,56.729988,135.251755,61.762238,36.902874,24.137243,104.683739,71.561867,34.591785,104.967499,59.765991
27/07/2020,62.067749,57.119167,136.089981,62.0704,36.94223,23.938335,105.470612,71.860703,34.999332,106.623833,59.042217
28/07/2020,60.70417,56.530411,134.742844,62.299038,36.312588,23.878664,105.351082,71.36264,35.705082,105.376595,59.934544
29/07/2020,61.201828,57.049313,136.109924,62.388504,37.070126,24.326202,106.456688,72.448425,36.381016,106.903214,60.212154
30/07/2020,60.017403,57.208977,136.000153,62.388504,35.614082,23.888611,105.71962,71.721245,36.082809,107.501884,60.212154
31/07/2020,60.077122,58.007286,136.708649,62.328861,35.446831,23.898556,105.112038,71.452293,36.043049,110.185944,60.311306
03/08/2020,59.738716,58.057182,136.419281,62.159866,35.574726,23.968172,106.197723,71.751129,35.466522,112.899933,59.656929
04/08/2020,60.584728,58.426399,137.516922,62.935253,36.440483,23.868719,105.729584,71.930435,35.993347,113.189293,60.311306
05/08/2020,61.470558,58.33659,139.193359,62.806019,36.824173,24.196915,106.217644,73.305092,35.724964,113.60836,59.537952
06/08/2020,61.211777,59.873341,139.871902,62.796078,36.52903,24.186968,105.649895,73.584007,35.794544,115.204826,59.884972
07/08/2020,61.420792,59.803486,140.081467,63.134064,36.578217,24.704124,105.988556,74.839127,36.281612,113.488625,60.965679
10/08/2020,62.017982,59.603909,141.757889,63.462112,37.709606,24.883141,105.629982,76.681969,36.221973,113.169334,60.945847
11/08/2020,61.908497,58.715786,141.478485,63.024719,37.581711,25.171553,104.962631,77.090378,35.526161,111.133835,59.627186
12/08/2020,62.276764,59.41431,143.354492,63.839867,37.955559,25.101936,106.725624,77.339409,35.973469,113.658257,60.489769
13/08/2020,62.266811,59.713676,143.294617,63.790157,37.217697,24.942812,106.586174,76.931,35.555981,113.708138,60.390621
14/08/2020,62.336483,59.703701,143.284637,63.780224,37.571869,25.042265,106.377007,77.229836,35.645443,113.628311,59.865143
17/08/2020,62.61517,59.773552,145.130707,64.138084,37.355431,24.624561,107.004509,76.871231,35.963528,114.386635,59.785824
18/08/2020,62.356392,60.312408,146.028778,64.396545,36.883202,24.465437,106.974632,76.452858,35.923767,114.815689,59.518124
19/08/2020,62.177235,60.142769,145.340256,63.889565,36.460163,24.455492,106.626022,76.253632,35.188198,114.675995,59.339657
20/08/2020,61.958263,60.891186,145.120712,63.760338,35.673107,24.226751,106.287361,75.845222,35.565922,116.202614,58.814178
21/08/2020,61.599949,60.621758,145.869125,63.919392,35.446831,24.177023,106.396927,76.154015,35.685207,117.679344,58.913326
24/08/2020,62.684841,61.360195,148.084396,64.466133,36.420807,24.753851,105.908867,77.528679,35.734905,118.69709,59.42889
25/08/2020,62.436012,61.938969,148.573364,64.326965,35.909225,24.823467,106.626022,77.42907,35.84425,119.295761,58.86375
26/08/2020,63.092918,64.054497,150.040237,64.406494,35.151688,24.704124,106.496529,77.468903,35.595745,121.72039,58.209381
27/08/2020,62.923717,63.276142,149.231964,64.804123,35.220554,25.121826,107.333206,77.747826,36.072872,121.820168,58.397762
28/08/2020,63.670204,63.425823,150.209869,65.380684,35.850193,25.221281,107.57225,78.484962,36.351196,122.88781,58.566311
31/08/2020,62.694798,63.126457,149.770813,65.191818,35.072983,24.92292,107.83123,77.508751,36.033112,123.276947,58.744778
01/09/2020,64.456505,63.645359,151.337479,65.261398,34.836864,24.992537,106.865067,78.295692,35.973469,125.631729,58.070576
02/09/2020,65.919617,65.002487,153.432999,66.444351,34.669621,25.350569,109.006554,79.59066,36.778622,126.749252,59.875053
03/09/2020,64.09819,62.797153,148.563385,65.301163,34.413826,24.962702,106.038353,77.359337,36.162334,119.525253,59.200851
04/09/2020,64.138,61.649582,146.847046,65.152054,34.305607,25.151663,105.281357,77.538635,36.033112,117.858948,58.86375
08/09/2020,62.93367,60.023026,144.921143,63.780224,33.05616,24.505219,103.548256,76.08429,35.575863,112.530746,58.536568
09/09/2020,64.55603,60.741501,147.655319,64.704712,33.28244,24.753851,105.380974,77.25972,35.963528,116.202614,59.309917
10/09/2020,63.948891,59.843403,145.539841,63.909451,32.062511,24.405766,103.767387,76.273552,35.456577,113.57843,58.2887
11/09/2020,64.765045,59.653801,145.759369,64.267319,32.092022,24.574835,104.175758,77.309532,35.337296,112.71035,58.427505
14/09/2020,65.700645,59.883316,147.306061,64.68483,32.337978,24.912975,105.669815,78.355469,36.202091,115.075111,59.230598
15/09/2020,66.019142,60.951061,148.513489,64.595367,32.101864,24.574835,105.809265,78.405266,36.679222,116.212593,59.627186
16/09/2020,66.068909,60.29245,147.685257,64.307083,33.390659,24.853304,105.629982,79.202171,36.917786,114.416565,59.547871
17/09/2020,66.556618,59.184795,145.60968,63.899509,33.43985,24.594725,105.281357,79.361549,36.102692,113.468674,59.062046
18/09/2020,65.412003,58.616001,143.584,63.313,33.066002,24.545,105.122002,78.474998,35.386997,111.513,58.021
21/09/2020,63.209999,57.93,141.509995,62.830002,31.969999,23.93,103.18,75.870003,34.439999,112.440002,57.66
22/09/2020,63.330002,59.049999,144.5,63.200001,31.639999,23.73,102.959999,76.620003,34.849998,114.220001,58.02
23/09/2020,61.470001,57.639999,142.130005,62.25,30.209999,23.200001,101.900002,75.25,33.849998,110.660004,57.130001
24/09/2020,61.91,57.75,142.070007,62.709999,30.200001,23.25,101.389999,75.360001,34.009998,111.279999,57.77
25/09/2020,62.459999,58.52,143.919998,63.040001,30.18,23.49,103.019997,76.489998,34.669998,113.940002,58.720001
28/09/2020,63.470001,59.299999,146.929993,63.75,30.889999,24.049999,103.949997,77.870003,35.27,116.120003,58.869999
29/09/2020,63,59.360001,145.789993,63.330002,30.040001,23.75,103.82,77.18,35.09,115.730003,58.849998
30/09/2020,63.639999,59.400002,146.979996,64.099998,29.950001,24.07,105.480003,76.980003,35.27,116.699997,59.380001
01/10/2020,62.740002,60.25,148.899994,64.459999,29.030001,24.110001,105.120003,76.75,35.849998,117.93,59.98
02/10/2020,63.299999,59.060001,148.270004,64.099998,29.309999,24.299999,104.160004,77.610001,36.43,114.940002,60.689999
05/10/2020,64.510002,60.029999,150.229996,64.529999,30.190001,24.700001,106.300003,78.860001,36.630001,117.459999,61.450001
06/10/2020,63.700001,58.77,147.449997,64.110001,29.74,24.450001,104.889999,77.900002,36.32,115.639999,61.970001
07/10/2020,65.339996,59.200001,150.820007,64.800003,30.16,24.860001,106.870003,79.620003,36.419998,117.760002,62.349998
08/10/2020,66,59.970001,151.809998,65.230003,31.290001,25.200001,107.389999,80.410004,37.029999,118.370003,63.490002
09/10/2020,66.510002,60.330002,153.389999,65.739998,30.790001,25.23,108.360001,80.709999,36.93,120.18,63.48
12/10/2020,66.400002,61.919998,155.429993,66.5,30.870001,25.51,109.099998,81.169998,37.119999,123.459999,63.880001
13/10/2020,65.809998,61.98,155.399994,66.449997,30.389999,25.02,108.269997,80.269997,36.490002,122.669998,63.439999
14/10/2020,66,61.240002,153.679993,66.110001,30.52,24.780001,107.639999,80.720001,36.07,122.019997,63.360001
15/10/2020,65.809998,60.77,154.25,66.150002,30.889999,24.969999,106.860001,81.010002,36.240002,121.470001,63.32
16/10/2020,66.269997,60.779999,152.850006,66.169998,30.190001,24.99,107.919998,81.599998,36.110001,121.120003,64
19/10/2020,65.5,59.689999,150.970001,65.309998,29.549999,24.610001,106.209999,80.589996,35.540001,118.900002,63.459999
20/10/2020,65.650002,60.119999,152.179993,65.239998,29.9,24.809999,106.349998,81.010002,35.779999,119.309998,63.84
21/10/2020,65.400002,61.130001,151.350006,65.300003,29.33,24.68,105.82,80.190002,35.650002,119.129997,63.669998
22/10/2020,65.760002,61.529999,151.660004,65.269997,30.540001,25.17,107.419998,80.849998,35.400002,118.57,64.57
23/10/2020,66,62.110001,152.990005,65.389999,30.389999,25.25,107.82,81.169998,35.630001,118.440002,64.75
26/10/2020,64.349998,60.75,150.050003,64.550003,29.299999,24.68,106.620003,79.139999,35.200001,115.870003,64.730003
27/10/2020,63.740002,61.139999,149.979996,64.379997,28.92,24.23,105.889999,77.410004,34.75,116.449997,64.68
28/10/2020,61.939999,58.740002,145.240005,62.5,27.709999,23.610001,102.529999,74.870003,33.98,111.510002,62.799999
29/10/2020,63.220001,60.220001,146.160004,62.48,28.559999,23.790001,101.690002,75.959999,34.369999,113.370003,62.970001
30/10/2020,63.18,59.200001,142.970001,62.259998,28.719999,23.860001,101.660004,75.870003,34.150002,110.860001,62.380001
02/11/2020,65.279999,59.169998,143.990005,63.25,29.700001,24.309999,103.489998,77.919998,34.990002,111.139999,63.75
03/11/2020,66.300003,60.049999,147.160004,64.290001,29.530001,24.85,105,80.220001,35.540001,113.099998,64.669998
04/11/2020,65.169998,62.639999,150.289993,64.32,29.57,24.559999,109.660004,79.389999,35.639999,117.5,63.700001
05/11/2020,67.830002,63.849998,153.220001,64.790001,29.57,25.16,109.879997,81.260002,35.77,121.150002,64.269997
06/11/2020,68,63.700001,152.759995,65.089996,28.93,24.959999,109.919998,81.339996,35.630001,121.580002,64.129997
09/11/2020,69.529999,63.16,152.259995,64.940002,33.060001,27.01,110.949997,84.110001,36.57,120.699997,65.32
10/11/2020,70.349998,62.959999,151.720001,66.220001,34.130001,27.15,111.269997,85.589996,36.77,118.449997,66.260002
11/11/2020,69.300003,63.529999,153.050003,66.790001,33.779999,27.040001,111.129997,84.870003,37.049999,121.260002,66.510002
12/11/2020,67.839996,63.169998,151,66.610001,32.689999,26.59,110.720001,83.900002,36.669998,120.18,65.440002
13/11/2020,69.010002,64.110001,153.449997,67.529999,33.880001,27.030001,112.120003,85.760002,37.509998,121.199997,66.089996
16/11/2020,70.370003,64.519997,155.460007,68.150002,36.110001,27.629999,111.93,87.849998,37.75,122.370003,66.760002
17/11/2020,70.110001,64.290001,154.800003,67.669998,36.48,27.59,111.199997,87.620003,37.77,121.690002,65.449997
18/11/2020,69.529999,63.639999,153.740005,66.739998,35.419998,27.33,109.129997,87.230003,37.130001,120.389999,64.169998
19/11/2020,69.82,64.029999,154.5,66.919998,36,27.42,109.050003,87.449997,37.189999,121.360001,63.529999
20/11/2020,69.760002,63.880001,153.690002,66.5,35.810001,27.18,108.800003,86.660004,36.939999,120.110001,63.540001
23/11/2020,70.339996,63.91,155.380005,66.519997,38.34,27.690001,108.519997,88.110001,36.82,120.080002,63.549999
24/11/2020,72.089996,65.220001,157.690002,66.970001,40.310001,28.66,108.839996,89.650002,36.799999,121.75,64.230003
25/11/2020,71.339996,65.209999,157.880005,66.93,39.369999,28.559999,108.440002,88.970001,36.889999,122.010002,64.400002
27/11/2020,71.709999,65.629997,158.220001,66.919998,38.91,28.469999,109.440002,88.82,36.82,122.660004,63.759998
30/11/2020,70.989998,65.400002,157.259995,66.910004,36.759998,27.879999,109.739998,88.029999,36.5,123.480003,62.84
01/12/2020,71.769997,66.599998,158.429993,67.5,36.93,28.309999,110.660004,87.809998,36.959999,125.059998,63.279999
02/12/2020,70.849998,67.220001,157.440002,66.940002,38.130001,28.620001,111.489998,87.93,36.57,124.870003,63.700001
